datetime,author,message,raw
2025-03-15 21:01:00,Pulkit Dce,Bhai online paisa ha,Pulkit Dce: Bhai online paisa ha
2025-03-15 21:01:00,Pulkit Dce,400 rupay chaiya Monday ko cash da dunga,Pulkit Dce: 400 rupay chaiya Monday ko cash da dunga
2025-03-15 21:08:00,•••Vaidik•••,Bhai 400 nhi h 300 h,•••Vaidik•••: Bhai 400 nhi h 300 h
2025-03-15 21:09:00,•••Vaidik•••,But roorkee se return ticket ke liye rkhe h online hi book krunga na ticket,•••Vaidik•••: But roorkee se return ticket ke liye rkhe h online hi book krunga na ticket
2025-03-15 21:10:00,Pulkit Dce,Vo cash tu uncle ko da dio or bol dio muje online da do😎,Pulkit Dce: Vo cash tu uncle ko da dio or bol dio muje online da do😎
2025-03-15 21:10:00,•••Vaidik•••,300 de du,•••Vaidik•••: 300 de du
2025-03-15 21:11:00,Pulkit Dce,Bhai 400 hi chaiya😔,Pulkit Dce: Bhai 400 hi chaiya😔
2025-03-15 21:12:00,•••Vaidik•••,Areyy 100 kahi or se krle,•••Vaidik•••: Areyy 100 kahi or se krle
2025-03-15 21:12:00,Pulkit Dce,Ek min ruk,Pulkit Dce: Ek min ruk
2025-03-15 21:12:00,•••Vaidik•••,Okk,•••Vaidik•••: Okk
2025-03-15 21:25:00,Pulkit Dce,Bhai kal karvauga tera sa.,Pulkit Dce: Bhai kal karvauga tera sa.
2025-03-15 22:23:00,•••Vaidik•••,Oky,•••Vaidik•••: Oky
2025-03-16 09:29:00,Pulkit Dce,Bhai bhaje da 300 rupay,Pulkit Dce: Bhai bhaje da 300 rupay
2025-03-16 09:30:00,Pulkit Dce,<Media omitted>,Pulkit Dce: <Media omitted>
2025-03-16 09:31:00,•••Vaidik•••,<Media omitted>,•••Vaidik•••: <Media omitted>
2025-03-16 09:31:00,•••Vaidik•••,Kr diye,•••Vaidik•••: Kr diye
2025-03-16 09:31:00,Pulkit Dce,Dhanyawad bhai,Pulkit Dce: Dhanyawad bhai
2025-03-16 09:31:00,•••Vaidik•••,❤️👍,•••Vaidik•••: ❤️👍
2025-03-16 09:49:00,Pulkit Dce,Oee tuna python ki file banai  huyi ha kya,Pulkit Dce: Oee tuna python ki file banai  huyi ha kya
2025-03-16 09:51:00,Pulkit Dce,Bhai python ki practical file ki photo bhaje da,Pulkit Dce: Bhai python ki practical file ki photo bhaje da
2025-03-16 10:38:00,•••Vaidik•••,<Media omitted>,•••Vaidik•••: <Media omitted>
2025-03-16 10:38:00,•••Vaidik•••,<Media omitted>,•••Vaidik•••: <Media omitted>
2025-03-16 10:38:00,•••Vaidik•••,2 program h ye,•••Vaidik•••: 2 program h ye
2025-03-16 11:28:00,Pulkit Dce,Ok bhai,Pulkit Dce: Ok bhai
2025-03-18 18:24:00,Pulkit Dce,Aare physics ki lab manual bana rahki h,Pulkit Dce: Aare physics ki lab manual bana rahki h
2025-03-18 19:16:00,•••Vaidik•••,Bhai bs 1 practical kiya h,•••Vaidik•••: Bhai bs 1 practical kiya h
2025-03-18 19:17:00,Pulkit Dce,Ohk bhai,Pulkit Dce: Ohk bhai
2025-03-20 07:43:00,Pulkit Dce,Bhai video bhaje ta rehna,Pulkit Dce: Bhai video bhaje ta rehna
2025-03-20 07:46:00,•••Vaidik•••,<Media omitted>,•••Vaidik•••: <Media omitted>
2025-03-30 11:10:00,,•••Vaidik•••:,•••Vaidik•••:
2025-03-30 11:20:00,•••Vaidik•••,<Media omitted>,•••Vaidik•••: <Media omitted>
2025-03-30 15:18:00,•••Vaidik•••,Email or roll number bhej de,•••Vaidik•••: Email or roll number bhej de
2025-03-30 15:18:00,,•••Vaidik•••:,•••Vaidik•••:
2025-03-30 15:19:00,,"Pulkit Dce: pulkit1448@gmail.com
27347",Pulkit Dce: pulkit1448@gmail.com
2025-03-30 21:51:00,•••Vaidik•••,Hlo bhai 1000 rupee online honge,•••Vaidik•••: Hlo bhai 1000 rupee online honge
2025-03-30 21:51:00,•••Vaidik•••,Me tuje kal cash de dunga <This message was edited>,•••Vaidik•••: Me tuje kal cash de dunga <This message was edited>
2025-03-30 21:51:00,Pulkit Dce,Bhai ek rupa nahi ha,Pulkit Dce: Bhai ek rupa nahi ha
2025-03-30 21:51:00,•••Vaidik•••,Chal thik h bhaii,•••Vaidik•••: Chal thik h bhaii
2025-03-30 21:52:00,Pulkit Dce,<Media omitted>,Pulkit Dce: <Media omitted>
2025-03-30 21:52:00,•••Vaidik•••,Areyy koi dikkat nhi h bhai,•••Vaidik•••: Areyy koi dikkat nhi h bhai
2025-03-30 21:52:00,Pulkit Dce,Hn ji bhai,Pulkit Dce: Hn ji bhai
2025-05-04 09:36:00,Pulkit Dce,Bhai Jo group pa ma’am na Dsa Ka test ka liya topic bhaja tha vo bahje da,Pulkit Dce: Bhai Jo group pa ma’am na Dsa Ka test ka liya topic bhaja tha vo bahje da
2025-05-04 09:36:00,Pulkit Dce,And maths ka link bhaje da Kal vala,Pulkit Dce: And maths ka link bhaje da Kal vala
2025-05-04 09:46:00,•••Vaidik•••,https://share.gzxbh.com/jeewx/whiteboardQRShareController.do?gotoSharePage&id=8a294f539116d3220195ff60ea022372,•••Vaidik•••: https://share.gzxbh.com/jeewx/whiteboardQRShareController.do?gotoSharePage&id=8a294f539116d3220195ff60ea022372
2025-05-04 09:46:00,•••Vaidik•••,"Students, there will be test of singly linked list, doubly linked list and circular linked list on Monday","•••Vaidik•••: Students, there will be test of singly linked list, doubly linked list and circular linked list on Monday"
2025-05-04 09:59:00,Pulkit Dce,👍,Pulkit Dce: 👍
2025-04-14 09:15:00,Pulkit Dce,Date sheet ha kya,Pulkit Dce: Date sheet ha kya
2025-04-14 09:51:00,•••Vaidik•••,Konsi,•••Vaidik•••: Konsi
2025-01-05 11:41:00,Pulkit Dce,Tishank ka kitna ha python ma,Pulkit Dce: Tishank ka kitna ha python ma
2025-01-05 11:41:00,•••Vaidik•••,Bhai muje kya pata,•••Vaidik•••: Bhai muje kya pata
2025-01-05 11:42:00,Pulkit Dce,Tu college nahi aaya,Pulkit Dce: Tu college nahi aaya
2025-01-05 11:42:00,•••Vaidik•••,Nhi,•••Vaidik•••: Nhi
2025-01-05 11:42:00,•••Vaidik•••,Tu gya h??,•••Vaidik•••: Tu gya h??
2025-01-05 11:42:00,Pulkit Dce,Nahi,Pulkit Dce: Nahi
2025-01-05 11:42:00,•••Vaidik•••,Sbke bata diye??,•••Vaidik•••: Sbke bata diye??
2025-01-05 11:42:00,Pulkit Dce,Hm,Pulkit Dce: Hm
2025-01-05 11:42:00,•••Vaidik•••,Kal pata chal jayega,•••Vaidik•••: Kal pata chal jayega
2025-01-05 11:43:00,Pulkit Dce,Hm,Pulkit Dce: Hm
2025-02-05 22:17:00,Pulkit Dce,bhai 50 rupay dada,Pulkit Dce: bhai 50 rupay dada
2025-02-05 22:29:00,Pulkit Dce,??,Pulkit Dce: ??
2025-02-05 22:40:00,•••Vaidik•••,Bhai online nhi h,•••Vaidik•••: Bhai online nhi h
2025-02-05 22:40:00,•••Vaidik•••,20-25 hi honge,•••Vaidik•••: 20-25 hi honge
2025-02-05 22:40:00,Pulkit Dce,ok bhai ji,Pulkit Dce: ok bhai ji
2025-02-05 22:41:00,•••Vaidik•••,20 bhej du,•••Vaidik•••: 20 bhej du
2025-02-05 22:45:00,Pulkit Dce,sun,Pulkit Dce: sun
2025-02-05 22:45:00,Pulkit Dce,https://pulkitjanghu.github.io/portfolio/,Pulkit Dce: https://pulkitjanghu.github.io/portfolio/
2025-02-05 22:45:00,Pulkit Dce,ya website tera phone ma khul rai ha kya,Pulkit Dce: ya website tera phone ma khul rai ha kya
2025-02-05 22:45:00,•••Vaidik•••,Ha,•••Vaidik•••: Ha
2025-02-05 22:45:00,Pulkit Dce,theek,Pulkit Dce: theek
2025-02-05 22:46:00,•••Vaidik•••,Bdhiya bani h,•••Vaidik•••: Bdhiya bani h
2025-02-05 22:46:00,Pulkit Dce,chat gpt ka kamal,Pulkit Dce: chat gpt ka kamal
2025-02-05 22:46:00,•••Vaidik•••,Phyton me kitne practical ho gye,•••Vaidik•••: Phyton me kitne practical ho gye
2025-02-05 22:46:00,Pulkit Dce,bhai abhi ma kisi ka bhi file nahi banani shru kari,Pulkit Dce: bhai abhi ma kisi ka bhi file nahi banani shru kari
2025-02-05 22:47:00,Pulkit Dce,kal sa karunga,Pulkit Dce: kal sa karunga
2025-02-05 22:47:00,•••Vaidik•••,Okk bhai,•••Vaidik•••: Okk bhai
2025-02-05 22:47:00,Pulkit Dce,🫡,Pulkit Dce: 🫡
2025-10-06 15:40:00,Pulkit Dce,Bhai confirm kar lo,Pulkit Dce: Bhai confirm kar lo
2025-10-06 15:40:00,Pulkit Dce,Train ki ticket book kar danga,Pulkit Dce: Train ki ticket book kar danga
2025-10-06 15:45:00,•••Vaidik•••,Mera confirm h,•••Vaidik•••: Mera confirm h
2025-10-06 15:45:00,•••Vaidik•••,Or sbse puch le,•••Vaidik•••: Or sbse puch le
2025-10-06 15:45:00,Pulkit Dce,Ronit raat tak baata daga,Pulkit Dce: Ronit raat tak baata daga
2025-10-06 15:46:00,•••Vaidik•••,Or tishank,•••Vaidik•••: Or tishank
2025-10-06 15:46:00,Pulkit Dce,Vo bhi raat tak baata daga,Pulkit Dce: Vo bhi raat tak baata daga
2025-10-06 15:46:00,•••Vaidik•••,Sagar se bhi puchna h,•••Vaidik•••: Sagar se bhi puchna h
2025-10-06 15:46:00,Pulkit Dce,Fir ticket book kar danga,Pulkit Dce: Fir ticket book kar danga
2025-10-06 15:46:00,•••Vaidik•••,"Mera, ritesh or tera toh confirm h","•••Vaidik•••: Mera, ritesh or tera toh confirm h"
2025-10-06 15:46:00,Pulkit Dce,Wating sa pehla,Pulkit Dce: Wating sa pehla
2025-10-06 15:47:00,Pulkit Dce,Hm,Pulkit Dce: Hm
2025-10-06 15:47:00,•••Vaidik•••,Sagar se pucha??,•••Vaidik•••: Sagar se pucha??
2025-10-06 15:47:00,Pulkit Dce,Message toh kara ha,Pulkit Dce: Message toh kara ha
2025-10-06 15:47:00,•••Vaidik•••,Gota?,•••Vaidik•••: Gota?
2025-10-06 15:48:00,Pulkit Dce,Mera pass uska number nahi ha,Pulkit Dce: Mera pass uska number nahi ha
2025-10-06 15:48:00,Pulkit Dce,Tu message kar da usa,Pulkit Dce: Tu message kar da usa
2025-10-06 15:48:00,•••Vaidik•••,Vo lgta nhi jayega,•••Vaidik•••: Vo lgta nhi jayega
2025-10-06 15:48:00,•••Vaidik•••,Fir bhi puch leta hu,•••Vaidik•••: Fir bhi puch leta hu
2025-10-06 15:48:00,Pulkit Dce,Hm,Pulkit Dce: Hm
2025-10-06 15:48:00,•••Vaidik•••,Tishank or ronit raat tak bata denge,•••Vaidik•••: Tishank or ronit raat tak bata denge
2025-10-06 15:48:00,•••Vaidik•••,Fir kal kr lenge ticket,•••Vaidik•••: Fir kal kr lenge ticket
2025-10-06 15:49:00,Pulkit Dce,Theek,Pulkit Dce: Theek
2025-12-06 21:36:00,Pulkit Dce,Bhai general ki ticket book kar da Kay,Pulkit Dce: Bhai general ki ticket book kar da Kay
2025-12-06 21:36:00,•••Vaidik•••,Station pe jake le lenge,•••Vaidik•••: Station pe jake le lenge
2025-12-06 21:36:00,Pulkit Dce,Ok,Pulkit Dce: Ok
2025-12-06 21:36:00,Pulkit Dce,Bhai,Pulkit Dce: Bhai
2025-06-14 15:36:00,Pulkit Dce,<Media omitted>,Pulkit Dce: <Media omitted>
2025-06-14 15:37:00,Pulkit Dce,<Media omitted>,Pulkit Dce: <Media omitted>
2025-06-14 15:37:00,Pulkit Dce,<Media omitted>,Pulkit Dce: <Media omitted>
2025-06-14 15:38:00,,•••Vaidik•••:,•••Vaidik•••:
2025-06-14 15:38:00,•••Vaidik•••,<Media omitted>,•••Vaidik•••: <Media omitted>
2025-06-14 15:38:00,•••Vaidik•••,<Media omitted>,•••Vaidik•••: <Media omitted>
2025-06-14 15:38:00,•••Vaidik•••,<Media omitted>,•••Vaidik•••: <Media omitted>
2025-06-14 15:38:00,•••Vaidik•••,<Media omitted>,•••Vaidik•••: <Media omitted>
2025-06-14 15:39:00,Pulkit Dce,<Media omitted>,Pulkit Dce: <Media omitted>
2025-06-14 15:39:00,Pulkit Dce,<Media omitted>,Pulkit Dce: <Media omitted>
2025-06-14 15:39:00,Pulkit Dce,<Media omitted>,Pulkit Dce: <Media omitted>
2025-06-14 15:39:00,Pulkit Dce,<Media omitted>,Pulkit Dce: <Media omitted>
2025-06-14 15:39:00,Pulkit Dce,<Media omitted>,Pulkit Dce: <Media omitted>
2025-06-14 15:39:00,Pulkit Dce,<Media omitted>,Pulkit Dce: <Media omitted>
2025-06-14 15:39:00,Pulkit Dce,<Media omitted>,Pulkit Dce: <Media omitted>
2025-06-14 15:39:00,Pulkit Dce,<Media omitted>,Pulkit Dce: <Media omitted>
2025-06-14 15:39:00,Pulkit Dce,<Media omitted>,Pulkit Dce: <Media omitted>
2025-06-14 15:39:00,Pulkit Dce,<Media omitted>,Pulkit Dce: <Media omitted>
2025-06-14 15:39:00,Pulkit Dce,<Media omitted>,Pulkit Dce: <Media omitted>
2025-06-14 15:39:00,Pulkit Dce,<Media omitted>,Pulkit Dce: <Media omitted>
2025-06-14 15:39:00,Pulkit Dce,<Media omitted>,Pulkit Dce: <Media omitted>
2025-06-14 15:39:00,Pulkit Dce,<Media omitted>,Pulkit Dce: <Media omitted>
2025-06-14 15:39:00,Pulkit Dce,<Media omitted>,Pulkit Dce: <Media omitted>
2025-06-14 15:39:00,Pulkit Dce,<Media omitted>,Pulkit Dce: <Media omitted>
2025-06-14 15:39:00,Pulkit Dce,<Media omitted>,Pulkit Dce: <Media omitted>
2025-06-14 15:39:00,Pulkit Dce,<Media omitted>,Pulkit Dce: <Media omitted>
2025-06-14 15:39:00,Pulkit Dce,<Media omitted>,Pulkit Dce: <Media omitted>
2025-06-14 15:39:00,Pulkit Dce,<Media omitted>,Pulkit Dce: <Media omitted>
2025-06-14 15:44:00,Pulkit Dce,<Media omitted>,Pulkit Dce: <Media omitted>
2025-06-14 15:44:00,Pulkit Dce,<Media omitted>,Pulkit Dce: <Media omitted>
2025-06-14 15:44:00,Pulkit Dce,<Media omitted>,Pulkit Dce: <Media omitted>
2025-06-14 15:44:00,Pulkit Dce,<Media omitted>,Pulkit Dce: <Media omitted>
2025-06-14 15:44:00,Pulkit Dce,<Media omitted>,Pulkit Dce: <Media omitted>
2025-06-14 15:44:00,Pulkit Dce,<Media omitted>,Pulkit Dce: <Media omitted>
2025-06-14 15:49:00,Pulkit Dce,<Media omitted>,Pulkit Dce: <Media omitted>
2025-06-14 21:47:00,Pulkit Dce,<Media omitted>,Pulkit Dce: <Media omitted>
2025-06-14 21:47:00,Pulkit Dce,<Media omitted>,Pulkit Dce: <Media omitted>
2025-06-14 21:47:00,Pulkit Dce,<Media omitted>,Pulkit Dce: <Media omitted>
2025-06-14 21:47:00,Pulkit Dce,<Media omitted>,Pulkit Dce: <Media omitted>
2025-06-14 21:47:00,Pulkit Dce,<Media omitted>,Pulkit Dce: <Media omitted>
2025-06-14 21:47:00,Pulkit Dce,<Media omitted>,Pulkit Dce: <Media omitted>
2025-06-14 21:47:00,Pulkit Dce,<Media omitted>,Pulkit Dce: <Media omitted>
2025-06-14 21:47:00,Pulkit Dce,<Media omitted>,Pulkit Dce: <Media omitted>
2025-06-14 21:47:00,Pulkit Dce,<Media omitted>,Pulkit Dce: <Media omitted>
2025-06-14 21:47:00,Pulkit Dce,<Media omitted>,Pulkit Dce: <Media omitted>
2025-06-14 21:47:00,Pulkit Dce,<Media omitted>,Pulkit Dce: <Media omitted>
2025-06-14 21:47:00,Pulkit Dce,<Media omitted>,Pulkit Dce: <Media omitted>
2025-06-14 21:47:00,Pulkit Dce,<Media omitted>,Pulkit Dce: <Media omitted>
2025-06-14 21:48:00,Pulkit Dce,<Media omitted>,Pulkit Dce: <Media omitted>
2025-06-14 21:50:00,Pulkit Dce,<Media omitted>,Pulkit Dce: <Media omitted>
2025-06-14 21:50:00,Pulkit Dce,<Media omitted>,Pulkit Dce: <Media omitted>
2025-06-14 21:50:00,Pulkit Dce,<Media omitted>,Pulkit Dce: <Media omitted>
2025-06-14 21:50:00,Pulkit Dce,<Media omitted>,Pulkit Dce: <Media omitted>
2025-06-14 21:50:00,Pulkit Dce,<Media omitted>,Pulkit Dce: <Media omitted>
2025-06-14 21:50:00,Pulkit Dce,<Media omitted>,Pulkit Dce: <Media omitted>
2025-06-14 21:50:00,Pulkit Dce,<Media omitted>,Pulkit Dce: <Media omitted>
2025-06-14 21:50:00,Pulkit Dce,<Media omitted>,Pulkit Dce: <Media omitted>
2025-06-14 21:50:00,Pulkit Dce,<Media omitted>,Pulkit Dce: <Media omitted>
2025-06-14 21:50:00,Pulkit Dce,<Media omitted>,Pulkit Dce: <Media omitted>
2025-06-14 21:50:00,Pulkit Dce,<Media omitted>,Pulkit Dce: <Media omitted>
2025-06-14 21:50:00,Pulkit Dce,<Media omitted>,Pulkit Dce: <Media omitted>
2025-06-14 21:50:00,Pulkit Dce,<Media omitted>,Pulkit Dce: <Media omitted>
2025-06-14 21:50:00,Pulkit Dce,<Media omitted>,Pulkit Dce: <Media omitted>
2025-06-14 21:50:00,Pulkit Dce,<Media omitted>,Pulkit Dce: <Media omitted>
2025-06-14 21:50:00,Pulkit Dce,<Media omitted>,Pulkit Dce: <Media omitted>
2025-06-14 21:50:00,Pulkit Dce,<Media omitted>,Pulkit Dce: <Media omitted>
2025-06-14 21:50:00,Pulkit Dce,<Media omitted>,Pulkit Dce: <Media omitted>
2025-06-14 21:50:00,Pulkit Dce,<Media omitted>,Pulkit Dce: <Media omitted>
2025-06-14 21:50:00,Pulkit Dce,<Media omitted>,Pulkit Dce: <Media omitted>
2025-06-14 21:50:00,Pulkit Dce,<Media omitted>,Pulkit Dce: <Media omitted>
2025-06-14 21:50:00,Pulkit Dce,<Media omitted>,Pulkit Dce: <Media omitted>
2025-06-14 21:50:00,Pulkit Dce,<Media omitted>,Pulkit Dce: <Media omitted>
2025-06-14 21:50:00,Pulkit Dce,<Media omitted>,Pulkit Dce: <Media omitted>
2025-02-07 12:43:00,Pulkit Dce,Oee ya 1st year ka students Abu dabhi kyu gya ha,Pulkit Dce: Oee ya 1st year ka students Abu dabhi kyu gya ha
2025-02-07 12:44:00,•••Vaidik•••,Paper presentation  ke liye,•••Vaidik•••: Paper presentation  ke liye
2025-02-07 12:44:00,Pulkit Dce,Konda,Pulkit Dce: Konda
2025-02-07 12:45:00,Pulkit Dce,Konsa,Pulkit Dce: Konsa
2025-02-07 12:45:00,•••Vaidik•••,Jo baccho ne likha hoga research paper,•••Vaidik•••: Jo baccho ne likha hoga research paper
2025-02-07 12:45:00,Pulkit Dce,Oh aacha,Pulkit Dce: Oh aacha
2025-02-07 12:45:00,•••Vaidik•••,Jana tha kya tuje,•••Vaidik•••: Jana tha kya tuje
2025-03-07 16:39:00,Pulkit Dce,Nahi,Pulkit Dce: Nahi
2025-03-07 17:13:00,•••Vaidik•••,Ohh,•••Vaidik•••: Ohh
2025-04-07 17:09:00,Pulkit Dce,Bhai kitni aayi,Pulkit Dce: Bhai kitni aayi
2025-04-07 17:09:00,•••Vaidik•••,Kya kitni aayi,•••Vaidik•••: Kya kitni aayi
2025-04-07 17:09:00,Pulkit Dce,Result aa gya bhai,Pulkit Dce: Result aa gya bhai
2025-04-07 17:09:00,Pulkit Dce,Ji,Pulkit Dce: Ji
2025-04-07 17:10:00,•••Vaidik•••,🫠,•••Vaidik•••: 🫠
2025-04-07 17:10:00,•••Vaidik•••,Link bhej bhai,•••Vaidik•••: Link bhej bhai
2025-04-07 17:10:00,•••Vaidik•••,Kispe dekhu,•••Vaidik•••: Kispe dekhu
2025-04-07 17:10:00,Pulkit Dce,https://gurugramuniversity.samarth.edu.in/index.php/site/login,Pulkit Dce: https://gurugramuniversity.samarth.edu.in/index.php/site/login
2025-04-07 17:15:00,•••Vaidik•••,Nhi khul rhi site,•••Vaidik•••: Nhi khul rhi site
2025-04-07 17:20:00,Pulkit Dce,Tera mujhe baat,Pulkit Dce: Tera mujhe baat
2025-04-07 17:20:00,•••Vaidik•••,Tu bata tera kitna,•••Vaidik•••: Tu bata tera kitna
2025-04-07 17:20:00,Pulkit Dce,7.7 ah cgpa,Pulkit Dce: 7.7 ah cgpa
2025-04-07 17:20:00,•••Vaidik•••,Dono semester ke aagye?,•••Vaidik•••: Dono semester ke aagye?
2025-04-07 17:20:00,Pulkit Dce,Nahi only 1st ka,Pulkit Dce: Nahi only 1st ka
2025-04-07 17:21:00,•••Vaidik•••,Bdhiya h,•••Vaidik•••: Bdhiya h
2025-04-07 17:21:00,•••Vaidik•••,Me baad me try krta hu,•••Vaidik•••: Me baad me try krta hu
2025-04-07 17:21:00,Pulkit Dce,Theek,Pulkit Dce: Theek
2025-04-07 17:21:00,Pulkit Dce,Bhai,Pulkit Dce: Bhai
2025-04-07 17:21:00,•••Vaidik•••,Ritesh ki kitni,•••Vaidik•••: Ritesh ki kitni
2025-04-07 17:21:00,Pulkit Dce,8 ha,Pulkit Dce: 8 ha
2025-04-07 17:21:00,•••Vaidik•••,Chota wala,•••Vaidik•••: Chota wala
2025-04-07 17:28:00,Pulkit Dce,Hm,Pulkit Dce: Hm
2025-04-07 17:28:00,Pulkit Dce,Uski hi,Pulkit Dce: Uski hi
2025-04-07 17:56:00,Pulkit Dce,9 ha iski,Pulkit Dce: 9 ha iski
2025-05-07 15:09:00,Pulkit Dce,Bhai 35 rupay bhaje da,Pulkit Dce: Bhai 35 rupay bhaje da
2025-05-07 15:09:00,Pulkit Dce,?,Pulkit Dce: ?
2025-05-07 17:43:00,•••Vaidik•••,Bhai online toh khtm ho rkhe h,•••Vaidik•••: Bhai online toh khtm ho rkhe h
2025-05-07 17:43:00,•••Vaidik•••,Agar abhi chahiye toh bata dost se krwa deta hu,•••Vaidik•••: Agar abhi chahiye toh bata dost se krwa deta hu
2025-05-07 17:58:00,Pulkit Dce,Hm abhi chaiye,Pulkit Dce: Hm abhi chaiye
2025-05-07 17:59:00,•••Vaidik•••,10 min ruk bhai,•••Vaidik•••: 10 min ruk bhai
2025-05-07 17:59:00,Pulkit Dce,Theek,Pulkit Dce: Theek
2025-05-07 17:59:00,•••Vaidik•••,Qr bhej,•••Vaidik•••: Qr bhej
2025-05-07 18:01:00,Pulkit Dce,<Media omitted>,Pulkit Dce: <Media omitted>
2025-05-07 18:08:00,•••Vaidik•••,agye?,•••Vaidik•••: agye?
2025-05-07 18:13:00,Pulkit Dce,Hm ji bhai,Pulkit Dce: Hm ji bhai
2025-06-07 08:50:00,Pulkit Dce,Oee aaj Tishank ka birthday ha kya??,Pulkit Dce: Oee aaj Tishank ka birthday ha kya??
2025-06-07 08:59:00,•••Vaidik•••,Pata nhi bhai,•••Vaidik•••: Pata nhi bhai
2025-06-07 08:59:00,Pulkit Dce,Theek bhai,Pulkit Dce: Theek bhai
2025-07-19 20:23:00,•••Vaidik•••,<Media omitted>,•••Vaidik•••: <Media omitted>
2025-07-19 20:24:00,•••Vaidik•••,<Media omitted>,•••Vaidik•••: <Media omitted>
2025-07-19 20:24:00,•••Vaidik•••,Ye 2 cheeze order krni h,•••Vaidik•••: Ye 2 cheeze order krni h
2025-07-19 20:24:00,Pulkit Dce,Ok,Pulkit Dce: Ok
2025-07-19 20:24:00,•••Vaidik•••,https://sharein.savana.com/db/details/1635002?ub_cl=in_en-IN&vid=2&skcPGs=270543-368195,•••Vaidik•••: https://sharein.savana.com/db/details/1635002?ub_cl=in_en-IN&vid=2&skcPGs=270543-368195
2025-07-19 20:25:00,•••Vaidik•••,https://sharein.savana.com/db/details/1418772?ub_cl=in_en-IN&vid=325&skcPGs=238073-112201,•••Vaidik•••: https://sharein.savana.com/db/details/1418772?ub_cl=in_en-IN&vid=325&skcPGs=238073-112201
2025-07-19 20:25:00,•••Vaidik•••,Ek baar download krke dono item ke price bata de,•••Vaidik•••: Ek baar download krke dono item ke price bata de
2025-07-19 20:26:00,Pulkit Dce,Ruk,Pulkit Dce: Ruk
2025-07-19 20:26:00,•••Vaidik•••,Oky oky bhai,•••Vaidik•••: Oky oky bhai
2025-07-19 20:28:00,Pulkit Dce,<Media omitted>,Pulkit Dce: <Media omitted>
2025-07-19 21:09:00,•••Vaidik•••,Bhai cash on delivery kr de,•••Vaidik•••: Bhai cash on delivery kr de
2025-07-19 21:12:00,Pulkit Dce,Ok bhai,Pulkit Dce: Ok bhai
2025-07-19 21:17:00,Pulkit Dce,Placed,Pulkit Dce: Placed
2025-07-19 21:17:00,•••Vaidik•••,Sirf 40 extra lage h na,•••Vaidik•••: Sirf 40 extra lage h na
2025-07-19 21:17:00,Pulkit Dce,Hm,Pulkit Dce: Hm
2025-07-19 21:17:00,•••Vaidik•••,Delivery date kya dikha rhi h <This message was edited>,•••Vaidik•••: Delivery date kya dikha rhi h <This message was edited>
2025-07-19 21:18:00,,"Pulkit Dce: 30
Sa 5 ka bich",Pulkit Dce: 30
2025-07-19 21:18:00,•••Vaidik•••,Chalo thik h bhai,•••Vaidik•••: Chalo thik h bhai
2025-07-19 21:18:00,•••Vaidik•••,Clg me cash de dunga,•••Vaidik•••: Clg me cash de dunga
2025-07-19 21:18:00,Pulkit Dce,Hm ji,Pulkit Dce: Hm ji
2025-07-29 20:38:00,Pulkit Dce,<Media omitted>,Pulkit Dce: <Media omitted>
2025-07-29 20:38:00,Pulkit Dce,<Media omitted>,Pulkit Dce: <Media omitted>
2025-07-29 20:38:00,Pulkit Dce,<Media omitted>,Pulkit Dce: <Media omitted>
2025-07-29 20:50:00,•••Vaidik•••,Okay bhai,•••Vaidik•••: Okay bhai
2025-07-29 20:50:00,•••Vaidik•••,Kal le aana 1 baar,•••Vaidik•••: Kal le aana 1 baar
2025-07-29 22:17:00,Pulkit Dce,Ok bhai,Pulkit Dce: Ok bhai
2025-07-30 20:16:00,Pulkit Dce,<Media omitted>,Pulkit Dce: <Media omitted>
2025-08-18 08:53:00,•••Vaidik•••,<Media omitted>,•••Vaidik•••: <Media omitted>
2025-08-21 18:47:00,•••Vaidik•••,<Media omitted>,•••Vaidik•••: <Media omitted>
2025-08-21 18:47:00,•••Vaidik•••,🙂bhai nhi h,•••Vaidik•••: 🙂bhai nhi h
2025-08-21 18:48:00,Pulkit Dce,Chal koi nahi,Pulkit Dce: Chal koi nahi
2025-08-23 10:16:00,Pulkit Dce,Name likh dio mera,Pulkit Dce: Name likh dio mera
2025-08-23 10:16:00,Pulkit Dce,Drona thon ma,Pulkit Dce: Drona thon ma
2025-08-23 18:46:00,,Pulkit Dce:,Pulkit Dce:
2025-08-24 12:45:00,Pulkit Dce,This message was deleted,Pulkit Dce: This message was deleted
2025-08-26 13:28:00,Pulkit Dce,<Media omitted>,Pulkit Dce: <Media omitted>
2025-08-26 22:41:00,Pulkit Dce,Bana li kya pot,Pulkit Dce: Bana li kya pot
2025-08-26 22:41:00,Pulkit Dce,Ppt,Pulkit Dce: Ppt
2025-08-26 22:42:00,•••Vaidik•••,https://1drv.ms/p/c/89f33ea1b6b4a5af/Eb0Y2ioYBnZCpebpXeC5xm4BWCg3sTXYokWIdc5Fzuyd8w?e=ugbL3W,•••Vaidik•••: https://1drv.ms/p/c/89f33ea1b6b4a5af/Eb0Y2ioYBnZCpebpXeC5xm4BWCg3sTXYokWIdc5Fzuyd8w?e=ugbL3W
2025-08-26 22:42:00,•••Vaidik•••,Isko abhi edit Krna baaki h,•••Vaidik•••: Isko abhi edit Krna baaki h
2025-08-26 22:44:00,Pulkit Dce,Bhai iski last slide chat gpt ki lag rahi ha,Pulkit Dce: Bhai iski last slide chat gpt ki lag rahi ha
2025-08-26 22:44:00,Pulkit Dce,Uski jagha kuch or kar dio,Pulkit Dce: Uski jagha kuch or kar dio
2025-08-26 22:44:00,•••Vaidik•••,Kaha se chat gpt ki lag rhi h,•••Vaidik•••: Kaha se chat gpt ki lag rhi h
2025-08-26 22:44:00,•••Vaidik•••,Ye toh normal slide h,•••Vaidik•••: Ye toh normal slide h
2025-08-26 22:44:00,•••Vaidik•••,Koi bhi bana de,•••Vaidik•••: Koi bhi bana de
2025-08-26 22:44:00,Pulkit Dce,Oh aacha,Pulkit Dce: Oh aacha
2025-08-26 22:44:00,Pulkit Dce,Theek,Pulkit Dce: Theek
2025-08-26 22:45:00,•••Vaidik•••,Tu ek kaam krega,•••Vaidik•••: Tu ek kaam krega
2025-08-26 22:45:00,Pulkit Dce,Bol,Pulkit Dce: Bol
2025-08-26 22:45:00,•••Vaidik•••,Front page banake bhej de,•••Vaidik•••: Front page banake bhej de
2025-08-26 22:45:00,•••Vaidik•••,Bdhiya sa,•••Vaidik•••: Bdhiya sa
2025-08-26 22:45:00,Pulkit Dce,Bhai mera ma power point nahi ha,Pulkit Dce: Bhai mera ma power point nahi ha
2025-08-26 22:46:00,•••Vaidik•••,🙂🙂power point hi nhi h,•••Vaidik•••: 🙂🙂power point hi nhi h
2025-08-26 22:46:00,Pulkit Dce,Paisa lagta ha,Pulkit Dce: Paisa lagta ha
2025-08-26 22:46:00,Pulkit Dce,Download karna ka,Pulkit Dce: Download karna ka
2025-08-26 22:46:00,•••Vaidik•••,Online chala le,•••Vaidik•••: Online chala le
2025-08-26 22:46:00,Pulkit Dce,Ya lasa chalta ha,Pulkit Dce: Ya lasa chalta ha
2025-08-26 22:46:00,•••Vaidik•••,Online search kr microsoft office,•••Vaidik•••: Online search kr microsoft office
2025-08-26 22:47:00,Pulkit Dce,<Media omitted>,Pulkit Dce: <Media omitted>
2025-08-26 22:47:00,Pulkit Dce,Bhai phad rah hu,Pulkit Dce: Bhai phad rah hu
2025-08-26 22:47:00,Pulkit Dce,Please kar la,Pulkit Dce: Please kar la
2025-08-26 22:47:00,•••Vaidik•••,😅chal thik h,•••Vaidik•••: 😅chal thik h
2025-08-27 00:34:00,•••Vaidik•••,<Media omitted>,•••Vaidik•••: <Media omitted>
2025-08-27 00:34:00,•••Vaidik•••,<Media omitted>,•••Vaidik•••: <Media omitted>
2025-04-09 09:30:00,•••Vaidik•••,https://vaidik-018.github.io/final_website/,•••Vaidik•••: https://vaidik-018.github.io/final_website/
2025-09-16 23:30:00,Pulkit Dce,This message was deleted,Pulkit Dce: This message was deleted
2025-09-16 23:30:00,Pulkit Dce,This message was deleted,Pulkit Dce: This message was deleted
2025-09-16 23:30:00,Pulkit Dce,This message was deleted,Pulkit Dce: This message was deleted
2025-09-19 10:41:00,Pulkit Dce,<Media omitted>,Pulkit Dce: <Media omitted>
2025-09-22 14:34:00,Pulkit Dce,Oee kitna aay dbms am,Pulkit Dce: Oee kitna aay dbms am
2025-09-22 14:35:00,•••Vaidik•••,32,•••Vaidik•••: 32
2025-09-22 14:35:00,Pulkit Dce,Ronit ka,Pulkit Dce: Ronit ka
2025-09-22 14:35:00,Pulkit Dce,Ritesh ma,Pulkit Dce: Ritesh ma
2025-09-22 14:35:00,•••Vaidik•••,56,•••Vaidik•••: 56
2025-09-22 14:35:00,•••Vaidik•••,53,•••Vaidik•••: 53
2025-09-22 14:36:00,Pulkit Dce,Tishank,Pulkit Dce: Tishank
2025-09-22 14:36:00,•••Vaidik•••,30,•••Vaidik•••: 30
2025-09-22 14:36:00,Pulkit Dce,Tanisq,Pulkit Dce: Tanisq
2025-09-22 14:37:00,•••Vaidik•••,32,•••Vaidik•••: 32
2025-09-22 14:37:00,Pulkit Dce,Ha,Pulkit Dce: Ha
2025-09-23 19:08:00,Pulkit Dce,Bhai 10 rupay,Pulkit Dce: Bhai 10 rupay
2025-09-23 19:08:00,Pulkit Dce,Plz,Pulkit Dce: Plz
2025-09-23 19:08:00,Pulkit Dce,Urgent,Pulkit Dce: Urgent
2025-09-23 19:11:00,•••Vaidik•••,<Media omitted>,•••Vaidik•••: <Media omitted>
2025-09-23 19:11:00,•••Vaidik•••,Bhai 3 rupee pde h,•••Vaidik•••: Bhai 3 rupee pde h
2025-09-27 15:27:00,Pulkit Dce,Bhai 100 rupay ha kya,Pulkit Dce: Bhai 100 rupay ha kya
2025-09-27 16:14:00,•••Vaidik•••,Nhi h bhai,•••Vaidik•••: Nhi h bhai
2025-09-27 16:33:00,Pulkit Dce,Ok,Pulkit Dce: Ok
2025-05-10 14:20:00,,"•••Vaidik•••: Dronacharya College of Engineering student, imagine earning easy pocket money - all while working from your home or college! Sounds too good to be true? It's real, and it's happening with India's _#1 Student Community_ - the *Internshala Student Partner Program!*

* What's in it for you?* - *Earn up to INR 7 lacs* while learning valuable marketing and communication skills, get an _iPhone 14_, exciting _cash rewards_, _certificates_ and _exclusive Internshala merch_ and so much more! This is your chance to be a part of the *top 1%* of student leaders across India! Apply here: https://isp.internshala.com/i/49063268. Deadline is: *8th October, 2025*","•••Vaidik•••: Dronacharya College of Engineering student, imagine earning easy pocket money - all while working from your home or college! Sounds too good to be true? It's real, and it's happening with India's _#1 Student Community_ - the *Internshala Student Partner Program!*"
2025-05-10 14:24:00,Pulkit Dce,Kya program ha ya,Pulkit Dce: Kya program ha ya
2025-05-10 14:24:00,•••Vaidik•••,Link pe click krke ek baar form bhar de,•••Vaidik•••: Link pe click krke ek baar form bhar de
2025-05-10 14:24:00,Pulkit Dce,Ok,Pulkit Dce: Ok
2025-05-10 20:14:00,Pulkit Dce,Bhai ek order magana ha tera ghar pa,Pulkit Dce: Bhai ek order magana ha tera ghar pa
2025-05-10 20:38:00,Pulkit Dce,Baaga,Pulkit Dce: Baaga
2025-05-10 20:38:00,Pulkit Dce,Baata,Pulkit Dce: Baata
2025-05-10 20:40:00,•••Vaidik•••,Kya order h,•••Vaidik•••: Kya order h
2025-05-10 20:54:00,Pulkit Dce,Creatine,Pulkit Dce: Creatine
2025-05-10 20:55:00,•••Vaidik•••,Han kr dunga,•••Vaidik•••: Han kr dunga
2025-05-10 20:55:00,•••Vaidik•••,Krde order,•••Vaidik•••: Krde order
2025-05-10 20:55:00,Pulkit Dce,Address bhaje,Pulkit Dce: Address bhaje
2025-05-10 20:56:00,•••Vaidik•••,Tu bata hi de na me kr deta hu order,•••Vaidik•••: Tu bata hi de na me kr deta hu order
2025-05-10 20:56:00,Pulkit Dce,Aacha,Pulkit Dce: Aacha
2025-05-10 20:56:00,•••Vaidik•••,Konsa Krna h,•••Vaidik•••: Konsa Krna h
2025-05-10 20:56:00,Pulkit Dce,https://nutrabay.com/product/nutrabay-micronised-creatine-monohydrate/?pId=1903618&vId=2187639,Pulkit Dce: https://nutrabay.com/product/nutrabay-micronised-creatine-monohydrate/?pId=1903618&vId=2187639
2025-05-10 20:57:00,Pulkit Dce,Ya,Pulkit Dce: Ya
2025-05-10 20:57:00,•••Vaidik•••,Okay krta hu,•••Vaidik•••: Okay krta hu
2025-05-10 20:57:00,Pulkit Dce,Ok bhai,Pulkit Dce: Ok bhai
2025-05-10 21:06:00,•••Vaidik•••,<Media omitted>,•••Vaidik•••: <Media omitted>
2025-05-10 21:06:00,•••Vaidik•••,Zepto se kr du,•••Vaidik•••: Zepto se kr du
2025-05-10 21:06:00,•••Vaidik•••,Abhi aa jayega,•••Vaidik•••: Abhi aa jayega
2025-05-10 21:06:00,Pulkit Dce,Kar da,Pulkit Dce: Kar da
2025-05-10 21:06:00,•••Vaidik•••,Okay,•••Vaidik•••: Okay
2025-05-10 21:07:00,Pulkit Dce,Kal da dio,Pulkit Dce: Kal da dio
2025-05-10 21:07:00,•••Vaidik•••,Thk h,•••Vaidik•••: Thk h
2025-05-10 21:37:00,•••Vaidik•••,<Media omitted>,•••Vaidik•••: <Media omitted>
2025-05-10 21:37:00,•••Vaidik•••,Yahi h na,•••Vaidik•••: Yahi h na
2025-05-10 21:37:00,Pulkit Dce,Hm,Pulkit Dce: Hm
2025-05-10 21:37:00,•••Vaidik•••,Okay,•••Vaidik•••: Okay
2025-05-10 21:37:00,•••Vaidik•••,Aagya,•••Vaidik•••: Aagya
2025-08-10 09:40:00,Pulkit Dce,<Media omitted>,Pulkit Dce: <Media omitted>
2025-08-10 14:01:00,Pulkit Dce,<Media omitted>,Pulkit Dce: <Media omitted>
2025-10-13 11:50:00,,"•••Vaidik•••: Hey, an awesome offer from Burger King is live on magicpin. Get Crispy Veg Burger + Fries delivered at ₹69 - All Charges included - Only on magicpin!

I have already saved ₹4,311 on food delivery, fashion, entertainment with magicpin.

Use Code: RBSY8815 or click here: https://magp.in/o8Pytby
Don't miss out. Order now!
* Offer applicable on specific cities only.","•••Vaidik•••: Hey, an awesome offer from Burger King is live on magicpin. Get Crispy Veg Burger + Fries delivered at ₹69 - All Charges included - Only on magicpin!"
2025-10-20 07:32:00,Pulkit Dce,Happy diwali bhai🪔✨,Pulkit Dce: Happy diwali bhai🪔✨
2025-10-20 07:41:00,•••Vaidik•••,Same to youu bhai 🎇,•••Vaidik•••: Same to youu bhai 🎇
2025-10-23 17:19:00,Pulkit Dce,<Media omitted>,Pulkit Dce: <Media omitted>
2025-10-23 17:19:00,•••Vaidik•••,<Media omitted>,•••Vaidik•••: <Media omitted>
2025-10-23 17:19:00,•••Vaidik•••,2 rupee h,•••Vaidik•••: 2 rupee h
2025-10-23 17:19:00,Pulkit Dce,Abr,Pulkit Dce: Abr
2025-10-23 17:19:00,•••Vaidik•••,Ritesh se krwa le uske paas honge,•••Vaidik•••: Ritesh se krwa le uske paas honge
2025-10-23 17:19:00,•••Vaidik•••,Cash pade h yr,•••Vaidik•••: Cash pade h yr
2025-10-23 17:53:00,•••Vaidik•••,Bhai nhi h,•••Vaidik•••: Bhai nhi h
2025-10-23 17:53:00,Pulkit Dce,Bhai dhek kisi pa ho toh,Pulkit Dce: Bhai dhek kisi pa ho toh
2025-10-23 17:53:00,Pulkit Dce,Urgent ha,Pulkit Dce: Urgent ha
2025-10-23 17:54:00,•••Vaidik•••,Bhai 1-2 se mange jo sath me ghumte h,•••Vaidik•••: Bhai 1-2 se mange jo sath me ghumte h
2025-10-23 17:54:00,•••Vaidik•••,Ab sbse nhi maang skte na,•••Vaidik•••: Ab sbse nhi maang skte na
2025-10-23 17:54:00,Pulkit Dce,Abe ma da dunga na,Pulkit Dce: Abe ma da dunga na
2025-10-23 17:54:00,•••Vaidik•••,Areyy unke paas hi nhi h,•••Vaidik•••: Areyy unke paas hi nhi h
2025-10-23 17:54:00,•••Vaidik•••,Unko toh me abhi cash deu,•••Vaidik•••: Unko toh me abhi cash deu
2025-10-23 17:54:00,Pulkit Dce,Laacha,Pulkit Dce: Laacha
2025-10-23 17:55:00,Pulkit Dce,Ohk,Pulkit Dce: Ohk
